Word,Freq,Rank
the,502,1
and,409,2
you,342,3
not,249,4
And,218,5
that,200,6
Caesar,189,7
him,165,8
Brutus,161,9
Bru,153,10
his,150,11
this,141,12
your,137,13
with,131,14
will,129,15
haue,128,16
for,118,17
Cassi,107,18
shall,107,19
thou,100,20
are,96,21
all,90,22
That,89,23
Cassius,85,24
then,79,25
our,79,26
The,76,27
Antony,75,28
But,73,29
What,70,30
but,68,31
know,66,32
did,66,33
was,64,34
Enter,63,35
men,62,36
them,60,37
what,59,38
man,58,39
For,58,40
their,57,41
thee,55,42
come,50,43
good,49,44
You,49,45
Ant,48,46
from,46,47
thy,46,48
day,44,49
they,44,50
Lord,44,51
well,43,52
let,42,53
heere,41,54
would,40,55
Noble,39,56
now,39,57
selfe,39,58
Caes,39,59
Cask,38,60
when,38,61
Caesars,38,62
should,38,63
Rome,38,64
Brut,37,65
Why,36,66
some,36,67
vpon,36,68
may,35,69
heare,34,70
Will,34,71
there,34,72
were,34,73
say,33,74
see,33,75
tell,33,76
like,33,77
Caska,33,78
these,32,79
one,32,80
more,32,81
such,30,82
too,30,83
must,30,84
Let,29,85
When,29,86
doth,29,87
hath,29,88
Luc,28,89
Then,28,90
feare,28,91
much,28,92
out,27,93
speake,27,94
euery,27,95
yet,27,96
death,26,97
loue,26,98
Lucius,26,99
any,26,100
hand,26,101
Cinna,26,102
This,25,103
Messala,25,104
Gods,25,105
great,25,106
Which,24,107
Now,24,108
Come,24,109
time,24,110
downe,23,111
make,23,112
Titinius,23,113
Octauius,23,114
Friends,23,115
done,23,116
which,23,117
night,23,118
had,23,119
Who,22,120
giue,22,121
Good,22,122
Exeunt,22,123
They,21,124
Cas,21,125
stand,21,126
take,21,127
How,21,128
mine,20,129
word,20,130
Haue,20,131
beare,20,132
wrong,20,133
There,20,134
With,19,135
looke,19,136
Where,19,137
off,19,138
All,19,139
most,19,140
forth,19,141
Night,19,142
hee,19,143
blood,19,144
Messa,19,145
till,19,146
thinke,19,147
leaue,18,148
true,18,149
thing,18,150
Romans,18,151
fire,18,152
Heere,18,153
againe,18,154
art,18,155
Octa,18,156
heart,18,157
Shall,18,158
place,18,159
could,18,160
Friend,17,161
Capitoll,17,162
Sir,17,163
Decius,17,164
finde,17,165
Por,16,166
Did,16,167
about,16,168
euer,16,169
can,16,170
made,16,171
liue,16,172
things,16,173
Yet,15,174
stay,15,175
dead,15,176
put,15,177
part,15,178
Thou,15,179
morrow,15,180
many,15,181
where,14,182
Lucillius,14,183
Our,14,184
nor,14,185
Marke,14,186
shew,14,187
way,14,188
Mark,14,189
away,14,190
hast,14,191
dye,14,192
hands,14,193
World,14,194
Roman,14,195
once,14,196
cause,14,197
Stand,14,198
how,14,199
name,14,200
thus,13,201
Boy,13,202
comes,13,203
better,13,204
Sword,13,205
other,13,206
Portia,13,207
Caius,13,208
follow,13,209
eyes,13,210
Metellus,13,211
Ile,13,212
himselfe,13,213
Are,13,214
Giue,13,215
best,12,216
Peace,12,217
Your,12,218
bad,12,219
Pindarus,12,220
very,12,221
Cato,12,222
else,12,223
Spirit,12,224
Exit,12,225
March,12,226
tis,12,227
bid,12,228
fell,12,229
neuer,12,230
Vpon,12,231
house,12,232
Brother,12,233
home,12,234
might,12,235
first,11,236
Honor,11,237
backe,11,238
Cicero,11,239
doe,11,240
Tis,11,241
still,11,242
Master,11,243
Publius,11,244
words,11,245
her,11,246
Philippi,11,247
Crowne,11,248
face,11,249
Sooth,11,250
Honourable,11,251
answer,11,252
Trebonius,11,253
Ser,11,254
body,11,255
fall,11,256
owne,11,257
sicke,11,258
before,10,259
beares,10,260
mighty,10,261
Nor,10,262
Thy,10,263
hold,10,264
gone,10,265
Calphurnia,10,266
strong,10,267
Cass,10,268
after,10,269
matter,10,270
keepe,10,271
within,10,272
Euen,10,273
full,10,274
selues,10,275
who,10,276
vse,10,277
meane,10,278
hearts,10,279
meete,10,280
life,10,281
Ligarius,9,282
worke,9,283
into,9,284
Most,9,285
while,9,286
enough,9,287
sayes,9,288
Wee,9,289
bloody,9,290
worthy,9,291
common,9,292
run,9,293
vnto,9,294
hence,9,295
Cymber,9,296
Strato,9,297
send,9,298
Fellow,9,299
rest,9,300
gentle,9,301
meanes,9,302
flye,9,303
Traitors,9,304
bring,9,305
sure,9,306
two,8,307
Ple,8,308
seene,8,309
dangerous,8,310
sleepe,8,311
along,8,312
Lepidus,8,313
turne,8,314
vile,8,315
Enemy,8,316
hard,8,317
Poet,8,318
strange,8,319
yours,8,320
Not,8,321
directly,8,322
hoe,8,323
loues,8,324
kill,8,325
yong,8,326
Countrymen,8,327
Tent,8,328
set,8,329
Loue,8,330
heard,8,331
Volumnius,8,332
generall,8,333
cry,8,334
Speake,8,335
get,8,336
minde,8,337
rather,8,338
last,8,339
please,8,340
change,8,341
Looke,8,342
why,7,343
nothing,7,344
These,7,345
call,7,346
houre,7,347
Art,7,348
Senators,7,349
beene,7,350
euen,7,351
Reasons,7,352
meet,7,353
wee,7,354
Senate,7,355
therefore,7,356
said,7,357
thought,7,358
saw,7,359
being,7,360
lye,7,361
wish,7,362
Letters,7,363
end,7,364
mou,7,365
onely,7,366
Such,7,367
awake,7,368
same,7,369
talke,7,370
three,7,371
Alarum,7,372
seeke,7,373
ouer,7,374
Men,7,375
His,7,376
Ambitious,7,377
streets,7,378
appeare,7,379
Army,7,380
high,7,381
Cin,7,382
deere,7,383
vnder,7,384
against,7,385
people,7,386
offer,6,387
went,6,388
weepe,6,389
Sonne,6,390
new,6,391
marke,6,392
Pompeyes,6,393
Hath,6,394
farre,6,395
Country,6,396
Deci,6,397
alone,6,398
indeed,6,399
lesse,6,400
leade,6,401
Clit,6,402
Ghost,6,403
Claudio,6,404
Funerall,6,405
fashion,6,406
reade,6,407
cannot,6,408
pardon,6,409
patience,6,410
satisfied,6,411
walke,6,412
Like,6,413
cold,6,414
tane,6,415
both,6,416
ill,6,417
Spirits,6,418
stirre,6,419
pray,6,420
themselues,6,421
none,6,422
Ides,6,423
farewell,6,424
dayes,6,425
Trade,6,426
hither,6,427
found,6,428
durst,6,429
further,6,430
Alas,6,431
left,6,432
Therefore,6,433
Nay,6,434
certaine,6,435
going,6,436
Gold,6,437
Set,6,438
Seruant,6,439
weake,6,440
sir,6,441
together,6,442
Field,6,443
Thunder,6,444
respect,6,445
came,6,446
redresse,6,447
Must,6,448
long,6,449
Lucil,6,450
neere,6,451
shake,6,452
lou,6,453
cut,6,454
ore,5,455
Madam,5,456
burne,5,457
Yes,5,458
wounds,5,459
seeme,5,460
Heart,5,461
Heauens,5,462
honour,5,463
hide,5,464
right,5,465
voyce,5,466
read,5,467
old,5,468
peace,5,469
Into,5,470
Cai,5,471
aliue,5,472
Tyber,5,473
pitty,5,474
Flauius,5,475
Blood,5,476
Calp,5,477
Tit,5,478
sicknesse,5,479
through,5,480
Instrument,5,481
Tell,5,482
Pulpit,5,483
remember,5,484
eye,5,485
Fly,5,486
Titin,5,487
fit,5,488
thrice,5,489
suite,5,490
blame,5,491
ere,5,492
Heauen,5,493
base,5,494
Antonio,5,495
offended,5,496
Fla,5,497
brought,5,498
those,5,499
Enemies,5,500
Souldier,5,501
times,5,502
Marcus,5,503
note,5,504
Some,5,505
look,5,506
smile,5,507
presse,5,508
she,5,509
Actus,5,510
passe,5,511
speakes,5,512
light,5,513
power,5,514
little,5,515
seuerall,5,516
worth,5,517
since,5,518
Statue,5,519
angry,5,520
poore,5,521
Well,5,522
Tongue,5,523
course,5,524
Vnto,5,525
Clitus,5,526
fight,5,527
fetch,5,528
deed,5,529
resolu,5,530
Market,5,531
Mur,5,532
perceiue,5,533
friend,5,534
side,5,535
Dagger,5,536
reason,5,537
Neuer,5,538
Flatterers,5,539
welcome,5,540
Bid,5,541
another,5,542
spoke,5,543
worse,4,544
knowne,4,545
Cynna,4,546
knaue,4,547
Bond,4,548
glad,4,549
faults,4,550
Mettle,4,551
Wife,4,552
Pardon,4,553
lay,4,554
giuen,4,555
Those,4,556
present,4,557
ground,4,558
ought,4,559
speak,4,560
bee,4,561
Hearke,4,562
Sold,4,563
stab,4,564
preuent,4,565
Var,4,566
least,4,567
Triumph,4,568
Heare,4,569
Earth,4,570
number,4,571
without,4,572
Ceremonies,4,573
growne,4,574
dreadfull,4,575
Say,4,576
Coward,4,577
fearefull,4,578
See,4,579
Musicke,4,580
almost,4,581
wisely,4,582
monstrous,4,583
Swords,4,584
behold,4,585
temper,4,586
red,4,587
Know,4,588
presently,4,589
heads,4,590
Woman,4,591
newes,4,592
Treb,4,593
Away,4,594
Cob,4,595
winde,4,596
pleasure,4,597
Mutiny,4,598
dare,4,599
goe,4,600
chanc,4,601
head,4,602
Iulius,4,603
free,4,604
halfe,4,605
grace,4,606
Stra,4,607
thine,4,608
doubt,4,609
Fortune,4,610
Ambition,4,611
Age,4,612
lies,4,613
Battaile,4,614
thinkes,4,615
deny,4,616
Their,4,617
feeble,4,618
Gowne,4,619
mee,4,620
King,4,621
yee,4,622
Fare,4,623
weare,4,624
Plebeians,4,625
Should,4,626
Low,4,627
Legions,4,628
endure,4,629
Clocke,4,630
sight,4,631
Cic,4,632
Manet,4,633
does,4,634
spirit,4,635
sad,4,636
Generals,4,637
sake,4,638
Clouds,4,639
goes,4,640
tooke,4,641
Masters,4,642
Pompey,4,643
Had,4,644
State,4,645
giues,4,646
wilt,4,647
point,4,648
constant,4,649
tongue,4,650
borne,4,651
purpose,4,652
gaue,4,653
Would,4,654
beleeue,4,655
Noblest,4,656
Farewell,4,657
foorth,4,658
fellow,4,659
bed,4,660
mindes,4,661
here,4,662
honest,4,663
taken,4,664
lookes,4,665
enterprize,4,666
health,4,667
world,4,668
Vertue,4,669
Flood,4,670
shalt,4,671
signe,4,672
breake,4,673
straight,4,674
Whether,4,675
mouth,3,676
eare,3,677
Doe,3,678
second,3,679
amisse,3,680
Call,3,681
Lady,3,682
hart,3,683
Vnder,3,684
Soules,3,685
Laughter,3,686
Nature,3,687
consent,3,688
though,3,689
Lightning,3,690
sirs,3,691
dwell,3,692
Poore,3,693
Graues,3,694
Wise,3,695
already,3,696
cruell,3,697
Read,3,698
noyse,3,699
Varrus,3,700
touch,3,701
Though,3,702
Honesty,3,703
Lyon,3,704
fast,3,705
Alarums,3,706
harme,3,707
Liberty,3,708
From,3,709
knowes,3,710
braue,3,711
Get,3,712
haste,3,713
turn,3,714
Dardanius,3,715
Dard,3,716
graunt,3,717
Hand,3,718
Dreame,3,719
Traine,3,720
speech,3,721
Stay,3,722
proper,3,723
drop,3,724
ran,3,725
stare,3,726
ready,3,727
businesse,3,728
ordinary,3,729
Popillius,3,730
House,3,731
doest,3,732
fault,3,733
teares,3,734
honourable,3,735
greefes,3,736
reioyce,3,737
Flourish,3,738
Lep,3,739
matters,3,740
trash,3,741
Teare,3,742
late,3,743
strike,3,744
humor,3,745
Valiant,3,746
Hence,3,747
Taper,3,748
Plucke,3,749
Nothing,3,750
Death,3,751
Truly,3,752
Sardis,3,753
deeds,3,754
Cry,3,755
kisse,3,756
Conference,3,757
Mothers,3,758
Battell,3,759
pluckt,3,760
thoughts,3,761
wherefore,3,762
mans,3,763
round,3,764
Images,3,765
Honors,3,766
dying,3,767
Oath,3,768
Soothsayer,3,769
taste,3,770
Run,3,771
thinking,3,772
foote,3,773
fingers,3,774
forme,3,775
led,3,776
receiue,3,777
stood,3,778
sound,3,779
rous,3,780
wife,3,781
huge,3,782
sleep,3,783
holds,3,784
Thinke,3,785
hundred,3,786
Palme,3,787
Iudge,3,788
Windowes,3,789
Freedome,3,790
Yea,3,791
swell,3,792
hot,3,793
About,3,794
opinion,3,795
Thus,3,796
write,3,797
promise,3,798
heauy,3,799
greater,3,800
Reuenge,3,801
Therein,3,802
Hold,3,803
refus,3,804
construe,3,805
neede,3,806
sweet,3,807
happy,3,808
brings,3,809
held,3,810
visit,3,811
commend,3,812
ride,3,813
withall,3,814
Constancie,3,815
sort,3,816
Mother,3,817
Fates,3,818
sodaine,3,819
Enterprize,3,820
permission,3,821
idle,3,822
Quite,3,823
Beare,3,824
Warre,3,825
manner,3,826
Pind,3,827
awe,3,828
depart,3,829
Gentlemen,3,830
People,3,831
patient,3,832
Whose,3,833
Roome,3,834
sway,3,835
truly,3,836
rise,3,837
Free,3,838
Conquest,3,839
buried,3,840
Powers,3,841
runne,3,842
liuing,3,843
God,3,844
proofe,3,845
Ancestors,3,846
Within,3,847
begge,3,848
Make,3,849
smiles,3,850
greefe,3,851
shout,3,852
wherein,3,853
hope,3,854
crosse,3,855
regard,3,856
Metel,3,857
friendly,3,858
Sunne,3,859
eares,3,860
tempt,3,861
content,3,862
become,3,863
Ayre,3,864
Old,3,865
bend,3,866
parts,3,867
Fooles,3,868
shame,3,869
Bed,3,870
answered,3,871
Children,3,872
Romane,3,873
yonder,3,874
publike,3,875
Besides,3,876
Both,3,877
close,3,878
told,3,879
kinde,3,880
Hart,3,881
tydings,3,882
Was,3,883
aduantage,3,884
Wine,3,885
truth,3,886
turnes,3,887
safe,3,888
soone,3,889
Cowards,3,890
loose,3,891
consider,3,892
trouble,3,893
valiant,3,894
sit,3,895
oft,3,896
toward,3,897
Can,3,898
streetes,3,899
priuate,3,900
Shores,3,901
Till,3,902
May,3,903
Prepare,3,904
Welcome,3,905
Villaines,3,906
walk,3,907
desire,3,908
Sirra,3,909
bin,3,910
breefely,3,911
Indeed,3,912
Being,3,913
beseech,3,914
saide,2,915
fiery,2,916
Spurre,2,917
hearke,2,918
nod,2,919
mourning,2,920
offence,2,921
comfort,2,922
Troopes,2,923
Motion,2,924
mens,2,925
Secrets,2,926
Mine,2,927
Beware,2,928
Sea,2,929
breed,2,930
Chariot,2,931
euils,2,932
Soule,2,933
qualitie,2,934
aske,2,935
Walkes,2,936
Morning,2,937
heeles,2,938
Lye,2,939
speede,2,940
humble,2,941
seuen,2,942
nights,2,943
Ambitions,2,944
Greeke,2,945
Point,2,946
married,2,947
doores,2,948
mad,2,949
sorry,2,950
Dyes,2,951
Wherefore,2,952
vpward,2,953
Met,2,954
ope,2,955
walking,2,956
Corpes,2,957
Commanders,2,958
stabb,2,959
Leather,2,960
strength,2,961
serues,2,962
gallant,2,963
Cobl,2,964
Asse,2,965
Curre,2,966
false,2,967
third,2,968
gouern,2,969
forgetfull,2,970
blowes,2,971
Mighty,2,972
state,2,973
saue,2,974
crost,2,975
Hearts,2,976
something,2,977
added,2,978
vnderneath,2,979
eight,2,980
liues,2,981
riu,2,982
seem,2,983
strokes,2,984
exalted,2,985
whil,2,986
stretcht,2,987
seru,2,988
Rage,2,989
Seale,2,990
aboue,2,991
groaning,2,992
pleasures,2,993
Send,2,994
deaths,2,995
Ciuill,2,996
Drum,2,997
weary,2,998
street,2,999
Gate,2,1000
Tyrant,2,1001
slaine,2,1002
deceiu,2,1003
bay,2,1004
Whil,2,1005
holy,2,1006
Limbes,2,1007
yeares,2,1008
grow,2,1009
Murderers,2,1010
yesterday,2,1011
foot,2,1012
Speak,2,1013
writ,2,1014
Ring,2,1015
Brands,2,1016
order,2,1017
practice,2,1018
laugh,2,1019
Flye,2,1020
clocke,2,1021
aside,2,1022
yeeld,2,1023
leane,2,1024
teeth,2,1025
plaine,2,1026
sparkes,2,1027
shooes,2,1028
Stirre,2,1029
shed,2,1030
Creature,2,1031
preferre,2,1032
swet,2,1033
Shout,2,1034
blunt,2,1035
bent,2,1036
Bondage,2,1037
Bring,2,1038
Pub,2,1039
iust,2,1040
nature,2,1041
Error,2,1042
Horse,2,1043
Window,2,1044
fresh,2,1045
Knocke,2,1046
bleed,2,1047
Seeing,2,1048
Steele,2,1049
Popil,2,1050
slay,2,1051
Murellus,2,1052
spot,2,1053
Mistrust,2,1054
fauour,2,1055
die,2,1056
Dost,2,1057
Awake,2,1058
Hill,2,1059
prythee,2,1060
Obiects,2,1061
marching,2,1062
Answer,2,1063
knew,2,1064
Mantle,2,1065
issue,2,1066
tremble,2,1067
morning,2,1068
ours,2,1069
kneele,2,1070
tweene,2,1071
Mess,2,1072
beholding,2,1073
Octauio,2,1074
thanke,2,1075
yoake,2,1076
Opinion,2,1077
beware,2,1078
shewes,2,1079
bones,2,1080
Brow,2,1081
Beasts,2,1082
seuenty,2,1083
choose,2,1084
dyest,2,1085
asleepe,2,1086
Slaues,2,1087
willing,2,1088
wrongs,2,1089
chance,2,1090
demand,2,1091
deliuer,2,1092
comming,2,1093
proclaime,2,1094
ayme,2,1095
makes,2,1096
loued,2,1097
spurne,2,1098
Commoners,2,1099
betimes,2,1100
humour,2,1101
Tyranny,2,1102
dost,2,1103
Humour,2,1104
reades,2,1105
offered,2,1106
Faith,2,1107
lusty,2,1108
Mirth,2,1109
bids,2,1110
Honorable,2,1111
Sutors,2,1112
Braue,2,1113
Loe,2,1114
Soldiers,2,1115
raise,2,1116
Foolerie,2,1117
Body,2,1118
vnknowne,2,1119
Dreames,2,1120
pay,2,1121
alas,2,1122
Louers,2,1123
ended,2,1124
knockes,2,1125
proceeded,2,1126
Prodigies,2,1127
partly,2,1128
Hilts,2,1129
sucke,2,1130
Lyons,2,1131
Two,2,1132
thicke,2,1133
Prisoner,2,1134
intreat,2,1135
quality,2,1136
Day,2,1137
droppes,2,1138
Generall,2,1139
abide,2,1140
Holyday,2,1141
dangers,2,1142
spurres,2,1143
Arme,2,1144
wine,2,1145
Comes,2,1146
armes,2,1147
bury,2,1148
driue,2,1149
women,2,1150
immortall,2,1151
vttermost,2,1152
agen,2,1153
peece,2,1154
condition,2,1155
towards,2,1156
Ensigne,2,1157
Creatures,2,1158
Paper,2,1159
worst,2,1160
faire,2,1161
drawes,2,1162
booke,2,1163
often,2,1164
iealous,2,1165
Wherein,2,1166
Cobler,2,1167
bosome,2,1168
moue,2,1169
ease,2,1170
Drachmaes,2,1171
rendred,2,1172
affayres,2,1173
Ouer,2,1174
secret,2,1175
houses,2,1176
whisper,2,1177
sufferance,2,1178
bathe,2,1179
try,2,1180
Ages,2,1181
knee,2,1182
Take,2,1183
Fathers,2,1184
compell,2,1185
Armes,2,1186
Because,2,1187
deede,2,1188
Ghosts,2,1189
prepare,2,1190
grone,2,1191
bound,2,1192
bankes,2,1193
Conditions,2,1194
reueng,2,1195
care,2,1196
softly,2,1197
She,2,1198
itching,2,1199
peeces,2,1200
stones,2,1201
Clau,2,1202
Before,2,1203
forget,2,1204
past,2,1205
Life,2,1206
Lupercall,2,1207
successe,2,1208
bold,2,1209
bestow,2,1210
Princes,2,1211
throng,2,1212
soules,2,1213
streame,2,1214
ouercame,2,1215
Falling,2,1216
rash,2,1217
Augurers,2,1218
attaine,2,1219
growing,2,1220
cryed,2,1221
prickt,2,1222
According,2,1223
silence,2,1224
vrge,2,1225
Porch,2,1226
Ladder,2,1227
confesse,2,1228
Tide,2,1229
Rites,2,1230
Liue,2,1231
liu,2,1232
watch,2,1233
banish,2,1234
vnfold,2,1235
heereafter,2,1236
calles,2,1237
Iustice,2,1238
Souldiers,2,1239
Ordinance,2,1240
start,2,1241
Audience,2,1242
Glories,2,1243
whose,2,1244
slew,2,1245
fawne,2,1246
Diuell,2,1247
wel,2,1248
bow,2,1249
rich,2,1250
reuerence,2,1251
dispos,2,1252
drinke,2,1253
Priests,2,1254
Crown,2,1255
smiling,2,1256
sights,2,1257
neyther,2,1258
assure,2,1259
sometime,2,1260
Yours,2,1261
sell,2,1262
sinke,2,1263
hung,2,1264
sweare,2,1265
intended,2,1266
narrow,2,1267
Ceremony,2,1268
Cly,2,1269
merry,2,1270
danger,2,1271
Onely,2,1272
More,2,1273
Italy,2,1274
mightie,2,1275
mooue,2,1276
Tyrants,2,1277
None,2,1278
abroad,2,1279
Name,2,1280
cast,2,1281
wildenesse,2,1282
condemn,2,1283
bleeding,2,1284
vrg,2,1285
Offence,2,1286
preuention,2,1287
sees,2,1288
Dec,2,1289
duty,2,1290
speed,2,1291
Wilt,2,1292
names,2,1293
break,2,1294
thrusting,2,1295
Lookes,2,1296
colour,2,1297
twas,2,1298
slept,2,1299
East,2,1300
vnbraced,2,1301
indure,2,1302
hauing,2,1303
Ride,2,1304
Pin,2,1305
impatience,2,1306
fled,2,1307
Fantasie,2,1308
speaking,2,1309
obserue,2,1310
Schoole,2,1311
indeede,2,1312
com,2,1313
Speech,2,1314
personall,2,1315
Flint,2,1316
push,2,1317
pale,2,1318
Royall,2,1319
store,2,1320
thriue,2,1321
ayre,2,1322
slight,2,1323
touches,2,1324
perhaps,2,1325
contented,2,1326
Either,2,1327
deseru,2,1328
Face,2,1329
Lena,2,1330
effect,2,1331
Infants,2,1332
lost,2,1333
Starres,2,1334
Louer,2,1335
Butchers,2,1336
crown,2,1337
Olympus,2,1338
strife,2,1339
Bondman,2,1340
exploit,2,1341
roome,2,1342
Helpe,2,1343
haire,2,1344
each,2,1345
ioy,2,1346
One,2,1347
Commons,2,1348
apt,2,1349
lowe,2,1350
leads,2,1351
swore,2,1352
defend,2,1353
Letter,2,1354
Testament,2,1355
fear,2,1356
Haile,2,1357
poor,2,1358
discouer,2,1359
charge,2,1360
Volum,2,1361
wing,2,1362
Bondmen,2,1363
credit,2,1364
Begin,2,1365
terrible,2,1366
knees,2,1367
Hee,2,1368
Countrey,2,1369
Countries,2,1370
Philosophy,2,1371
rid,2,1372
Hounds,2,1373
Hell,2,1374
purposes,2,1375
wonder,2,1376
open,2,1377
Buriall,2,1378
fearing,2,1379
mean,2,1380
friends,2,1381
need,2,1382
sufficeth,2,1383
Better,2,1384
throw,2,1385
yeeres,2,1386
whole,2,1387
strucke,2,1388
familiar,2,1389
sorrow,2,1390
Batchellor,2,1391
lyes,2,1392
euill,2,1393
beside,2,1394
begins,2,1395
vertue,2,1396
parting,2,1397
appear,2,1398
begin,2,1399
steale,2,1400
higher,2,1401
Remember,2,1402
Bribes,2,1403
impossible,2,1404
Brest,2,1405
question,2,1406
Tents,2,1407
pre,2,1408
Beleeue,2,1409
Reason,2,1410
rul,2,1411
render,2,1412
Woe,1,1413
Eares,1,1414
findes,1,1415
infirmitie,1,1416
fright,1,1417
Shake,1,1418
couert,1,1419
earnest,1,1420
feeding,1,1421
repeale,1,1422
ioyn,1,1423
draw,1,1424
eruptions,1,1425
among,1,1426
Searching,1,1427
Carrion,1,1428
places,1,1429
hurle,1,1430
reasons,1,1431
Euery,1,1432
naked,1,1433
turning,1,1434
arm,1,1435
Honour,1,1436
discouered,1,1437
bleede,1,1438
Breake,1,1439
establish,1,1440
gently,1,1441
stampt,1,1442
whilst,1,1443
Captiue,1,1444
flearing,1,1445
vnderlings,1,1446
Valour,1,1447
Oct,1,1448
Torches,1,1449
Vol,1,1450
Abuse,1,1451
Beggers,1,1452
height,1,1453
spirits,1,1454
Calender,1,1455
Weapons,1,1456
Sway,1,1457
decline,1,1458
obseru,1,1459
vnnumbred,1,1460
Eare,1,1461
ears,1,1462
tale,1,1463
Vexed,1,1464
whizzing,1,1465
Conquests,1,1466
plucke,1,1467
perform,1,1468
Disrobe,1,1469
faint,1,1470
threat,1,1471
Spoiles,1,1472
Apes,1,1473
bootlesse,1,1474
Occupation,1,1475
exigent,1,1476
sawe,1,1477
faces,1,1478
Affayres,1,1479
scope,1,1480
returning,1,1481
Rushing,1,1482
wholsome,1,1483
strikes,1,1484
eternall,1,1485
Seek,1,1486
muffling,1,1487
mocke,1,1488
stal,1,1489
otherwise,1,1490
Fires,1,1491
Deede,1,1492
yon,1,1493
glaz,1,1494
waues,1,1495
Worke,1,1496
factious,1,1497
enterred,1,1498
Giues,1,1499
Cobble,1,1500
Sheepe,1,1501
catching,1,1502
Worships,1,1503
Dewes,1,1504
lane,1,1505
labour,1,1506
strings,1,1507
shooke,1,1508
Base,1,1509
Rawe,1,1510
soft,1,1511
playes,1,1512
spurre,1,1513
Sardians,1,1514
Teeth,1,1515
neerer,1,1516
Whilst,1,1517
misgiuing,1,1518
Drinkes,1,1519
far,1,1520
betweene,1,1521
Alasse,1,1522
tyed,1,1523
Leafe,1,1524
drowsily,1,1525
Sutor,1,1526
purchase,1,1527
planted,1,1528
mock,1,1529
serue,1,1530
mistook,1,1531
costly,1,1532
list,1,1533
Robe,1,1534
amaze,1,1535
Cuts,1,1536
former,1,1537
knock,1,1538
yeelded,1,1539
sutor,1,1540
encounter,1,1541
Forgets,1,1542
rule,1,1543
vnscorch,1,1544
Rout,1,1545
passion,1,1546
opening,1,1547
presume,1,1548
flash,1,1549
terror,1,1550
think,1,1551
soundlesse,1,1552
inforced,1,1553
blow,1,1554
determined,1,1555
buy,1,1556
voluntary,1,1557
byrth,1,1558
mak,1,1559
meditating,1,1560
Workman,1,1561
sauing,1,1562
setting,1,1563
ioynes,1,1564
prethee,1,1565
Cowardice,1,1566
Mount,1,1567
cheere,1,1568
While,1,1569
Moone,1,1570
Lippes,1,1571
Prayers,1,1572
Tapor,1,1573
Genius,1,1574
Breefely,1,1575
plague,1,1576
Conscience,1,1577
Acte,1,1578
Foes,1,1579
cumber,1,1580
Orchards,1,1581
trod,1,1582
mention,1,1583
Stoope,1,1584
liefe,1,1585
Messenger,1,1586
Another,1,1587
redder,1,1588
liberty,1,1589
Coarse,1,1590
Course,1,1591
menace,1,1592
Answering,1,1593
Victorie,1,1594
Regions,1,1595
Mountaine,1,1596
runnes,1,1597
wasted,1,1598
silent,1,1599
eate,1,1600
putting,1,1601
weakenesse,1,1602
fooles,1,1603
Outlarie,1,1604
Backe,1,1605
Foe,1,1606
brauely,1,1607
ascend,1,1608
warnings,1,1609
Dogges,1,1610
Among,1,1611
yeare,1,1612
Aeneas,1,1613
bouge,1,1614
Withall,1,1615
limbes,1,1616
shold,1,1617
faile,1,1618
cursed,1,1619
throwes,1,1620
mettle,1,1621
appearing,1,1622
besides,1,1623
Head,1,1624
tyred,1,1625
Richer,1,1626
want,1,1627
seen,1,1628
choak,1,1629
tag,1,1630
action,1,1631
slewe,1,1632
Senses,1,1633
lowest,1,1634
opens,1,1635
presage,1,1636
thirsty,1,1637
entreated,1,1638
sirrah,1,1639
Horses,1,1640
foame,1,1641
Billow,1,1642
Shallowes,1,1643
squeale,1,1644
Apron,1,1645
doubted,1,1646
followed,1,1647
entire,1,1648
perceiu,1,1649
hurtled,1,1650
coniur,1,1651
sterner,1,1652
Griefes,1,1653
listen,1,1654
abridg,1,1655
Kill,1,1656
stolne,1,1657
Thing,1,1658
obscurely,1,1659
basest,1,1660
nice,1,1661
Mart,1,1662
Passion,1,1663
summes,1,1664
bolts,1,1665
downward,1,1666
smatch,1,1667
passions,1,1668
tokens,1,1669
waste,1,1670
twenty,1,1671
farthest,1,1672
heap,1,1673
Follow,1,1674
inflame,1,1675
grant,1,1676
simple,1,1677
presented,1,1678
reputed,1,1679
Expedition,1,1680
knot,1,1681
minded,1,1682
Condition,1,1683
Aule,1,1684
winne,1,1685
Ancestor,1,1686
Messengers,1,1687
Peazants,1,1688
Lines,1,1689
Patient,1,1690
protest,1,1691
gouerne,1,1692
sickely,1,1693
reuenge,1,1694
Season,1,1695
Trees,1,1696
fold,1,1697
chide,1,1698
brook,1,1699
striue,1,1700
Pray,1,1701
neglect,1,1702
Draw,1,1703
curtsies,1,1704
niggard,1,1705
safely,1,1706
Prythee,1,1707
Gamesom,1,1708
Affections,1,1709
Parchment,1,1710
excepted,1,1711
ingrafted,1,1712
drizel,1,1713
Fled,1,1714
Naturall,1,1715
surest,1,1716
lights,1,1717
ashamed,1,1718
Tempest,1,1719
seruile,1,1720
consum,1,1721
Foole,1,1722
hangs,1,1723
constantly,1,1724
howre,1,1725
secrets,1,1726
brutish,1,1727
Opens,1,1728
kil,1,1729
Pretors,1,1730
Sawce,1,1731
gracious,1,1732
carue,1,1733
causes,1,1734
augmented,1,1735
canst,1,1736
Gustie,1,1737
deriu,1,1738
laught,1,1739
beast,1,1740
preuayl,1,1741
interpose,1,1742
fine,1,1743
henceforth,1,1744
teethes,1,1745
distract,1,1746
wayes,1,1747
Hilles,1,1748
Vesture,1,1749
greeu,1,1750
Benefit,1,1751
spouts,1,1752
slighted,1,1753
Mirrors,1,1754
Armies,1,1755
aswell,1,1756
presence,1,1757
Produce,1,1758
Citizen,1,1759
shouting,1,1760
beaten,1,1761
Seldome,1,1762
stubborne,1,1763
vnpurged,1,1764
Interim,1,1765
Submitting,1,1766
Think,1,1767
Figures,1,1768
stands,1,1769
below,1,1770
threatning,1,1771
sham,1,1772
staine,1,1773
cooling,1,1774
Attendants,1,1775
embrace,1,1776
Elements,1,1777
Starre,1,1778
leaden,1,1779
pawse,1,1780
enclosed,1,1781
whatsoeuer,1,1782
refresht,1,1783
abuse,1,1784
Reply,1,1785
Teares,1,1786
absent,1,1787
combin,1,1788
spoyle,1,1789
soyle,1,1790
rose,1,1791
acrosse,1,1792
crowd,1,1793
Fury,1,1794
horrid,1,1795
threaten,1,1796
wept,1,1797
foam,1,1798
slumber,1,1799
hates,1,1800
sayings,1,1801
leysure,1,1802
absence,1,1803
infus,1,1804
soundly,1,1805
loosing,1,1806
Hated,1,1807
tearmes,1,1808
Clowds,1,1809
points,1,1810
Decree,1,1811
glanced,1,1812
Comets,1,1813
earth,1,1814
Hye,1,1815
Yeeld,1,1816
sayst,1,1817
bar,1,1818
Words,1,1819
Kerchiefe,1,1820
guesse,1,1821
resting,1,1822
sometimes,1,1823
Neighbors,1,1824
vntouch,1,1825
whit,1,1826
greets,1,1827
Verses,1,1828
Vnicornes,1,1829
professe,1,1830
Sentence,1,1831
crept,1,1832
Honourably,1,1833
learn,1,1834
pitteous,1,1835
Waspish,1,1836
Fierce,1,1837
Came,1,1838
glories,1,1839
heauie,1,1840
Darts,1,1841
leades,1,1842
Masker,1,1843
deepe,1,1844
petty,1,1845
Humor,1,1846
ranging,1,1847
climb,1,1848
pause,1,1849
Nobly,1,1850
Harlot,1,1851
appeas,1,1852
vtter,1,1853
Antonies,1,1854
yeelds,1,1855
vnaccustom,1,1856
case,1,1857
Deerer,1,1858
Howting,1,1859
Sinke,1,1860
beest,1,1861
Ransomes,1,1862
peepe,1,1863
arguing,1,1864
begun,1,1865
Courage,1,1866
Witnesse,1,1867
Dine,1,1868
Reflection,1,1869
grudge,1,1870
Canst,1,1871
warning,1,1872
dang,1,1873
Deare,1,1874
Breast,1,1875
pleasing,1,1876
spouting,1,1877
next,1,1878
rests,1,1879
thirtie,1,1880
pocket,1,1881
Rubbish,1,1882
horse,1,1883
engendred,1,1884
bondman,1,1885
whom,1,1886
Glasse,1,1887
headed,1,1888
Sisters,1,1889
vngently,1,1890
Flauio,1,1891
Doore,1,1892
incertaine,1,1893
Testie,1,1894
portents,1,1895
Saue,1,1896
sent,1,1897
voyces,1,1898
vouchsafe,1,1899
salutation,1,1900
Fantasies,1,1901
swound,1,1902
Petitions,1,1903
Campe,1,1904
Troy,1,1905
Ruines,1,1906
range,1,1907
bowle,1,1908
Respect,1,1909
Mes,1,1910
Girle,1,1911
purpled,1,1912
deceitfull,1,1913
suffers,1,1914
Canopy,1,1915
lodge,1,1916
stoope,1,1917
Plucking,1,1918
wauing,1,1919
Gorging,1,1920
sober,1,1921
attempt,1,1922
prou,1,1923
soare,1,1924
inuenomed,1,1925
disturbed,1,1926
chides,1,1927
cryedst,1,1928
Fetch,1,1929
greeuously,1,1930
wretched,1,1931
whereto,1,1932
Signall,1,1933
Imitations,1,1934
quicke,1,1935
waited,1,1936
Dar,1,1937
Scarffes,1,1938
bussling,1,1939
Entrailes,1,1940
Made,1,1941
Arm,1,1942
Sleeue,1,1943
Bastardie,1,1944
oath,1,1945
repute,1,1946
fill,1,1947
chafing,1,1948
Toyles,1,1949
Warres,1,1950
sports,1,1951
Cyn,1,1952
Speeches,1,1953
early,1,1954
Storme,1,1955
Kinde,1,1956
conioyntly,1,1957
assur,1,1958
Dinner,1,1959
Griefe,1,1960
Forrest,1,1961
Beast,1,1962
Fit,1,1963
houres,1,1964
Feauer,1,1965
Load,1,1966
Bastard,1,1967
stomackes,1,1968
sits,1,1969
Resolution,1,1970
Tyrannie,1,1971
couer,1,1972
Monarkes,1,1973
imminent,1,1974
confidence,1,1975
Sheath,1,1976
taking,1,1977
prepar,1,1978
Strawes,1,1979
praying,1,1980
Anchyses,1,1981
guilty,1,1982
Parthia,1,1983
Torch,1,1984
beat,1,1985
battailes,1,1986
vowes,1,1987
wise,1,1988
spirited,1,1989
digest,1,1990
forgot,1,1991
yawn,1,1992
burnes,1,1993
Powres,1,1994
paid,1,1995
Winters,1,1996
Tradesmans,1,1997
Flatterer,1,1998
arriu,1,1999
Husbanded,1,2000
remain,1,2001
age,1,2002
Murd,1,2003
vnderstood,1,2004
sixe,1,2005
worthles,1,2006
supporting,1,2007
acting,1,2008
egge,1,2009
Beauty,1,2010
Villager,1,2011
Began,1,2012
hidden,1,2013
Louing,1,2014
Formost,1,2015
difference,1,2016
kindnesse,1,2017
needs,1,2018
spake,1,2019
vnkindest,1,2020
puisant,1,2021
Torrent,1,2022
reflection,1,2023
Ranke,1,2024
dimme,1,2025
Vessell,1,2026
Beads,1,2027
shell,1,2028
grey,1,2029
ascended,1,2030
trust,1,2031
painted,1,2032
pure,1,2033
Sit,1,2034
danke,1,2035
Women,1,2036
brau,1,2037
slaying,1,2038
Yong,1,2039
Browes,1,2040
lift,1,2041
Bird,1,2042
laments,1,2043
Trophees,1,2044
Him,1,2045
sighing,1,2046
quarter,1,2047
woman,1,2048
Moreouer,1,2049
inkindled,1,2050
Fauors,1,2051
Labio,1,2052
praising,1,2053
Weighing,1,2054
describ,1,2055
Song,1,2056
Quartus,1,2057
lyable,1,2058
Spoyle,1,2059
Watch,1,2060
search,1,2061
lend,1,2062
enuy,1,2063
Runne,1,2064
ruddy,1,2065
Dishonor,1,2066
disgest,1,2067
scolding,1,2068
Omitted,1,2069
fat,1,2070
Wood,1,2071
meeke,1,2072
melteth,1,2073
Petition,1,2074
Games,1,2075
shadow,1,2076
Ere,1,2077
spectacle,1,2078
proceede,1,2079
Billes,1,2080
vnborne,1,2081
Companies,1,2082
Orator,1,2083
hugge,1,2084
haile,1,2085
seest,1,2086
Talke,1,2087
Treason,1,2088
Stands,1,2089
Cals,1,2090
braines,1,2091
Thewes,1,2092
lacks,1,2093
Put,1,2094
fare,1,2095
rabblement,1,2096
yond,1,2097
Land,1,2098
Seruants,1,2099
Reuels,1,2100
shine,1,2101
stuffe,1,2102
Enuy,1,2103
Summers,1,2104
Brute,1,2105
inroll,1,2106
prostrate,1,2107
affection,1,2108
groane,1,2109
meate,1,2110
Actors,1,2111
immediate,1,2112
scorning,1,2113
sauage,1,2114
Out,1,2115
Tempt,1,2116
Cal,1,2117
marry,1,2118
suffering,1,2119
bright,1,2120
wide,1,2121
Fire,1,2122
enforc,1,2123
Charges,1,2124
Orchard,1,2125
Squadrons,1,2126
darknesse,1,2127
Euening,1,2128
Safe,1,2129
moneths,1,2130
Angell,1,2131
Reuiuing,1,2132
rated,1,2133
Concaue,1,2134
Womanish,1,2135
hopes,1,2136
necessary,1,2137
wont,1,2138
humours,1,2139
whether,1,2140
single,1,2141
Cannot,1,2142
dismisse,1,2143
offences,1,2144
bonds,1,2145
apply,1,2146
Meet,1,2147
womans,1,2148
Pella,1,2149
remaine,1,2150
Bloods,1,2151
handy,1,2152
pluck,1,2153
Fearing,1,2154
Security,1,2155
fatter,1,2156
knocks,1,2157
Scedule,1,2158
senslesse,1,2159
mouths,1,2160
Formes,1,2161
cull,1,2162
defence,1,2163
maine,1,2164
piercing,1,2165
Measure,1,2166
arriue,1,2167
Deere,1,2168
omnes,1,2169
maske,1,2170
Erebus,1,2171
Endure,1,2172
roares,1,2173
heed,1,2174
Ferret,1,2175
Silence,1,2176
Defiance,1,2177
lawfull,1,2178
fawning,1,2179
outward,1,2180
Brasse,1,2181
vntrod,1,2182
Dies,1,2183
Order,1,2184
thither,1,2185
Sting,1,2186
grug,1,2187
foolish,1,2188
Except,1,2189
mutiny,1,2190
expect,1,2191
Bosome,1,2192
Northerne,1,2193
wounded,1,2194
shapes,1,2195
Honest,1,2196
Stole,1,2197
rightly,1,2198
blacke,1,2199
appertaine,1,2200
applauses,1,2201
Liberties,1,2202
Weeping,1,2203
preuaile,1,2204
enforced,1,2205
Supper,1,2206
Leagues,1,2207
Lest,1,2208
Seate,1,2209
Father,1,2210
Hide,1,2211
answere,1,2212
soule,1,2213
Garland,1,2214
losses,1,2215
strengthen,1,2216
stinking,1,2217
disposing,1,2218
partake,1,2219
After,1,2220
eagerly,1,2221
doore,1,2222
keepes,1,2223
Betwixt,1,2224
Gaue,1,2225
wake,1,2226
driuen,1,2227
Hindes,1,2228
Forget,1,2229
betray,1,2230
Sennet,1,2231
encourag,1,2232
carelesly,1,2233
Modestie,1,2234
craues,1,2235
Action,1,2236
proceeding,1,2237
trickes,1,2238
moreouer,1,2239
Sure,1,2240
mend,1,2241
straite,1,2242
loads,1,2243
stone,1,2244
thank,1,2245
Wil,1,2246
blaze,1,2247
ambitious,1,2248
Doth,1,2249
courtesie,1,2250
benefit,1,2251
Chimney,1,2252
Comming,1,2253
hole,1,2254
Thrice,1,2255
Times,1,2256
proues,1,2257
Numbers,1,2258
melting,1,2259
Eagles,1,2260
Suburbs,1,2261
Tertius,1,2262
Kingdome,1,2263
Truely,1,2264
richest,1,2265
drops,1,2266
Time,1,2267
blest,1,2268
drawing,1,2269
farther,1,2270
freedome,1,2271
Venom,1,2272
meddle,1,2273
Spaine,1,2274
Walke,1,2275
disclos,1,2276
Maiesticke,1,2277
ninth,1,2278
twixt,1,2279
slippery,1,2280
Profession,1,2281
Heard,1,2282
Dogge,1,2283
Limbe,1,2284
Cleane,1,2285
chace,1,2286
throwing,1,2287
Hony,1,2288
Gates,1,2289
fortunate,1,2290
Crests,1,2291
gastly,1,2292
Cognisance,1,2293
Strike,1,2294
taught,1,2295
Shaking,1,2296
Cauerne,1,2297
motion,1,2298
barren,1,2299
Thunders,1,2300
Slumber,1,2301
Prima,1,2302
Showt,1,2303
Barres,1,2304
stake,1,2305
rude,1,2306
Dew,1,2307
Glasses,1,2308
fret,1,2309
dreampt,1,2310
Battailes,1,2311
noise,1,2312
Complexion,1,2313
Ioyn,1,2314
verses,1,2315
legges,1,2316
Post,1,2317
Elephants,1,2318
Skie,1,2319
auoyd,1,2320
deuise,1,2321
mightier,1,2322
tride,1,2323
descend,1,2324
moued,1,2325
Rest,1,2326
sland,1,2327
Horsses,1,2328
fir,1,2329
Quintus,1,2330
report,1,2331
Citizens,1,2332
grasped,1,2333
opinions,1,2334
intend,1,2335
Heires,1,2336
Spleene,1,2337
hang,1,2338
arose,1,2339
count,1,2340
Crying,1,2341
Enioy,1,2342
person,1,2343
greeuous,1,2344
Round,1,2345
Sweare,1,2346
voyd,1,2347
smell,1,2348
Praetors,1,2349
mortall,1,2350
leuying,1,2351
Tooke,1,2352
woe,1,2353
Sawcy,1,2354
yea,1,2355
euerie,1,2356
Elder,1,2357
damned,1,2358
afterwards,1,2359
beloued,1,2360
progresse,1,2361
Primus,1,2362
notice,1,2363
vngentle,1,2364
youths,1,2365
depend,1,2366
compasse,1,2367
ranke,1,2368
enter,1,2369
Himselfe,1,2370
Neruij,1,2371
chose,1,2372
Eyes,1,2373
naughty,1,2374
party,1,2375
begg,1,2376
Treasure,1,2377
banished,1,2378
degrees,1,2379
seduc,1,2380
Clymate,1,2381
vanished,1,2382
Wisedom,1,2383
Pluto,1,2384
also,1,2385
chidden,1,2386
burst,1,2387
twentie,1,2388
feeds,1,2389
Kites,1,2390
dumbe,1,2391
eating,1,2392
Aboue,1,2393
Bending,1,2394
Daughter,1,2395
debt,1,2396
refuse,1,2397
greeting,1,2398
Multitude,1,2399
Mender,1,2400
Mid,1,2401
dis,1,2402
Shop,1,2403
compare,1,2404
suppe,1,2405
receyuing,1,2406
sonne,1,2407
Abler,1,2408
disprooue,1,2409
Waxe,1,2410
Durst,1,2411
hatch,1,2412
latest,1,2413
wring,1,2414
force,1,2415
wound,1,2416
Emulation,1,2417
stale,1,2418
dip,1,2419
lying,1,2420
tending,1,2421
teare,1,2422
vaunting,1,2423
affrighted,1,2424
showted,1,2425
Pit,1,2426
stricken,1,2427
looking,1,2428
sawcie,1,2429
Loines,1,2430
space,1,2431
sickly,1,2432
afear,1,2433
graze,1,2434
scandall,1,2435
Rascall,1,2436
peeuish,1,2437
faithfull,1,2438
gowne,1,2439
Delay,1,2440
Makes,1,2441
Daggers,1,2442
straine,1,2443
warie,1,2444
whereof,1,2445
Hoping,1,2446
apace,1,2447
tops,1,2448
hideous,1,2449
vndone,1,2450
train,1,2451
Particle,1,2452
Anger,1,2453
mixt,1,2454
encreaseth,1,2455
Phantasma,1,2456
vttered,1,2457
money,1,2458
Benches,1,2459
easily,1,2460
standing,1,2461
Ill,1,2462
fed,1,2463
Tower,1,2464
sweatie,1,2465
large,1,2466
Scoena,1,2467
improue,1,2468
Greefes,1,2469
befriend,1,2470
wonderfull,1,2471
meere,1,2472
liable,1,2473
seemes,1,2474
hew,1,2475
Husbands,1,2476
Against,1,2477
killing,1,2478
Throat,1,2479
spare,1,2480
Coronets,1,2481
Colossus,1,2482
tear,1,2483
curse,1,2484
bloods,1,2485
labouring,1,2486
wreath,1,2487
Linkes,1,2488
Prophesie,1,2489
repayre,1,2490
addrest,1,2491
Mischeefe,1,2492
Papers,1,2493
moe,1,2494
courtesies,1,2495
ouerthrow,1,2496
besmeare,1,2497
Sirs,1,2498
Firmament,1,2499
cride,1,2500
touched,1,2501
Chaire,1,2502
breath,1,2503
deafe,1,2504
Stonie,1,2505
hie,1,2506
Belike,1,2507
Retreat,1,2508
vnluckily,1,2509
Purgers,1,2510
vnfirme,1,2511
Betweene,1,2512
owe,1,2513
Faces,1,2514
Villains,1,2515
Sparke,1,2516
beards,1,2517
Thorow,1,2518
smoake,1,2519
drawne,1,2520
water,1,2521
shrew,1,2522
haires,1,2523
Doomesday,1,2524
mortified,1,2525
entertaine,1,2526
desires,1,2527
Fortunes,1,2528
discourse,1,2529
baite,1,2530
Lend,1,2531
Lethee,1,2532
amaz,1,2533
Assemble,1,2534
sighted,1,2535
propos,1,2536
prey,1,2537
Sign,1,2538
befall,1,2539
Dish,1,2540
stayes,1,2541
concluded,1,2542
learne,1,2543
hedge,1,2544
Wolfe,1,2545
Lionnesse,1,2546
Liuing,1,2547
choaked,1,2548
furnish,1,2549
conceited,1,2550
blew,1,2551
wer,1,2552
Showts,1,2553
Sham,1,2554
Cloakes,1,2555
Carrions,1,2556
Rocke,1,2557
loath,1,2558
pleas,1,2559
obey,1,2560
leape,1,2561
Right,1,2562
bethinke,1,2563
Charge,1,2564
firme,1,2565
pricke,1,2566
dwelling,1,2567
Older,1,2568
enuious,1,2569
Hats,1,2570
entreat,1,2571
Writings,1,2572
vildely,1,2573
threw,1,2574
Sinewes,1,2575
Least,1,2576
crouch,1,2577
wisht,1,2578
Fault,1,2579
diuided,1,2580
acquainted,1,2581
Knew,1,2582
resort,1,2583
councell,1,2584
prize,1,2585
Oathes,1,2586
Spaniell,1,2587
Peoples,1,2588
teach,1,2589
Fret,1,2590
wrought,1,2591
liued,1,2592
ragge,1,2593
valour,1,2594
Oration,1,2595
Confines,1,2596
ber,1,2597
malice,1,2598
dreame,1,2599
acte,1,2600
bowl,1,2601
perils,1,2602
portentous,1,2603
Sleeke,1,2604
Sacrifice,1,2605
remaines,1,2606
roate,1,2607
enlarge,1,2608
thousand,1,2609
appoint,1,2610
Scene,1,2611
quite,1,2612
Noone,1,2613
readie,1,2614
praise,1,2615
North,1,2616
Reliques,1,2617
stop,1,2618
Protester,1,2619
Stones,1,2620
stretch,1,2621
Coffers,1,2622
saying,1,2623
Siluer,1,2624
Walles,1,2625
reme,1,2626
Barke,1,2627
shrieke,1,2628
Chayre,1,2629
incompast,1,2630
company,1,2631
Players,1,2632
Fortunate,1,2633
seuerally,1,2634
Recounts,1,2635
sayer,1,2636
seal,1,2637
sides,1,2638
diuision,1,2639
rime,1,2640
Seeke,1,2641
Sex,1,2642
Rayes,1,2643
harke,1,2644
Study,1,2645
semblance,1,2646
talk,1,2647
receiu,1,2648
Man,1,2649
Beares,1,2650
subiect,1,2651
Staines,1,2652
wisedome,1,2653
prodigious,1,2654
float,1,2655
Hibla,1,2656
falser,1,2657
corruption,1,2658
Julius,1,2659
Terror,1,2660
Thigh,1,2661
puts,1,2662
Companion,1,2663
dropt,1,2664
sleepy,1,2665
shadowes,1,2666
Walls,1,2667
disclose,1,2668
Bookes,1,2669
Sennit,1,2670
Guide,1,2671
corporall,1,2672
Feathers,1,2673
Might,1,2674
monwealth,1,2675
arises,1,2676
Grauity,1,2677
whilest,1,2678
Remorse,1,2679
Hackt,1,2680
fields,1,2681
Curse,1,2682
Bargaine,1,2683
troubled,1,2684
Tapers,1,2685
Comment,1,2686
shoulder,1,2687
execution,1,2688
satisfie,1,2689
Story,1,2690
hollow,1,2691
disposed,1,2692
seruice,1,2693
doo,1,2694
cried,1,2695
Passe,1,2696
dust,1,2697
followes,1,2698
Offering,1,2699
Appetite,1,2700
witnesse,1,2701
brim,1,2702
wherfore,1,2703
hate,1,2704
value,1,2705
fierie,1,2706
Leape,1,2707
deerer,1,2708
counsell,1,2709
making,1,2710
Marry,1,2711
Prouender,1,2712
Behauiours,1,2713
steeds,1,2714
walkes,1,2715
neither,1,2716
vtmost,1,2717
perillous,1,2718
returne,1,2719
Officers,1,2720
Carpenter,1,2721
Bones,1,2722
Early,1,2723
Straine,1,2724
Dignities,1,2725
honors,1,2726
hill,1,2727
Feare,1,2728
Iron,1,2729
glow,1,2730
reeke,1,2731
acted,1,2732
reading,1,2733
Vnlesse,1,2734
Wit,1,2735
gentler,1,2736
Feast,1,2737
Office,1,2738
truely,1,2739
Rankes,1,2740
fond,1,2741
stinglesse,1,2742
pulling,1,2743
Leade,1,2744
Blockes,1,2745
alwayes,1,2746
Coniure,1,2747
faine,1,2748
Gray,1,2749
dropping,1,2750
rob,1,2751
feele,1,2752
steele,1,2753
Dwell,1,2754
Holiday,1,2755
piece,1,2756
Bold,1,2757
Hearse,1,2758
Here,1,2759
Fountaine,1,2760
Farre,1,2761
Whiles,1,2762
hearing,1,2763
brow,1,2764
Any,1,2765
Obseruer,1,2766
chopt,1,2767
slip,1,2768
womens,1,2769
necke,1,2770
Winds,1,2771
fasten,1,2772
safety,1,2773
back,1,2774
scratch,1,2775
wash,1,2776
Iigging,1,2777
Vnshak,1,2778
Madman,1,2779
forgaue,1,2780
touching,1,2781
hazard,1,2782
hungry,1,2783
Triall,1,2784
bigge,1,2785
Quarrell,1,2786
adde,1,2787
Vniuersall,1,2788
repealing,1,2789
Cautelous,1,2790
swoonded,1,2791
dull,1,2792
Flames,1,2793
Tinctures,1,2794
Cheeke,1,2795
lamented,1,2796
conceit,1,2797
Begge,1,2798
Voyce,1,2799
Thorough,1,2800
because,1,2801
mouthes,1,2802
First,1,2803
Secundus,1,2804
Iades,1,2805
wearie,1,2806
has,1,2807
Depart,1,2808
Dungeon,1,2809
yoaked,1,2810
curtesie,1,2811
consorted,1,2812
Sacred,1,2813
Lowlynesse,1,2814
receiued,1,2815
becomes,1,2816
Much,1,2817
Epicurus,1,2818
Lightens,1,2819
Offices,1,2820
ripe,1,2821
request,1,2822
fierce,1,2823
hides,1,2824
knottie,1,2825
heape,1,2826
Great,1,2827
Carkasse,1,2828
commit,1,2829
Memory,1,2830
lose,1,2831
threats,1,2832
warne,1,2833
Euer,1,2834
hauocke,1,2835
Closet,1,2836
Wrathfully,1,2837
astonish,1,2838
tried,1,2839
Climber,1,2840
bang,1,2841
vntill,1,2842
Showting,1,2843
Tarquin,1,2844
earely,1,2845
Wiues,1,2846
shrewdly,1,2847
Vrge,1,2848
alreadie,1,2849
surly,1,2850
Power,1,2851
forc,1,2852
sawcy,1,2853
shreeking,1,2854
Accoutred,1,2855
Tut,1,2856
shriller,1,2857
Tending,1,2858
sounds,1,2859
gliding,1,2860
agree,1,2861
contriue,1,2862
discard,1,2863
Choice,1,2864
Doing,1,2865
euills,1,2866
sterrile,1,2867
Lordship,1,2868
Spectacle,1,2869
sweetly,1,2870
Wrath,1,2871
clapp,1,2872
flattery,1,2873
pittifull,1,2874
Channell,1,2875
Arts,1,2876
sting,1,2877
Murrellus,1,2878
Gentle,1,2879
noted,1,2880
Lowd,1,2881
Cares,1,2882
Towres,1,2883
strew,1,2884
Cup,1,2885
seat,1,2886
ordered,1,2887
aueng,1,2888
Censure,1,2889
Listen,1,2890
mourne,1,2891
Fast,1,2892
Barren,1,2893
smil,1,2894
Rogues,1,2895
Natures,1,2896
browes,1,2897
withal,1,2898
buzzing,1,2899
Couetous,1,2900
whet,1,2901
Captiuitie,1,2902
bestride,1,2903
Accents,1,2904
trembled,1,2905
Ventures,1,2906
driues,1,2907
Willes,1,2908
arming,1,2909
lippes,1,2910
lacke,1,2911
Dangers,1,2912
Immortall,1,2913
crooked,1,2914
determine,1,2915
Streets,1,2916
bowels,1,2917
weeping,1,2918
worldly,1,2919
Harke,1,2920
Coine,1,2921
greeue,1,2922
insisted,1,2923
current,1,2924
wafter,1,2925
Alliance,1,2926
Wheeles,1,2927
Vtterance,1,2928
Hands,1,2929
Wound,1,2930
displeas,1,2931
Addition,1,2932
Birds,1,2933
dint,1,2934
behinde,1,2935
glory,1,2936
mourn,1,2937
quick,1,2938
History,1,2939
bosomes,1,2940
Sound,1,2941
perswasion,1,2942
hastie,1,2943
Mend,1,2944
discomfort,1,2945
Counsels,1,2946
Elders,1,2947
stomacke,1,2948
billes,1,2949
smallest,1,2950
Surgeon,1,2951
clap,1,2952
according,1,2953
Maisters,1,2954
regarded,1,2955
heares,1,2956
ask,1,2957
annoy,1,2958
con,1,2959
Legacies,1,2960
vtterance,1,2961
dum,1,2962
Whereto,1,2963
Necessary,1,2964
lowly,1,2965
Dash,1,2966
Yond,1,2967
Ioy,1,2968
stirr,1,2969
Motiues,1,2970
Selues,1,2971
Necessitie,1,2972
Vow,1,2973
attyre,1,2974
Render,1,2975
fawn,1,2976
star,1,2977
intrailes,1,2978
rushing,1,2979
deerely,1,2980
Twas,1,2981
Bees,1,2982
Leaden,1,2983
Repaire,1,2984
Flesh,1,2985
Farwell,1,2986
Brothers,1,2987
Closset,1,2988
Councell,1,2989
proud,1,2990
Smiles,1,2991
Elbowes,1,2992
Shew,1,2993
Weigh,1,2994
sayd,1,2995
rent,1,2996
Exorcist,1,2997
Stage,1,2998
lips,1,2999
guard,1,3000
dam,1,3001
rage,1,3002
extenuated,1,3003
Danger,1,3004
fears,1,3005
growes,1,3006
fixt,1,3007
tardie,1,3008
Vulgar,1,3009
Faction,1,3010
fuller,1,3011
Lottery,1,3012
sirra,1,3013
Apparrell,1,3014
Wonders,1,3015
vanquish,1,3016
Shakes,1,3017
Coffin,1,3018
Twere,1,3019
Held,1,3020
Pricke,1,3021
stroken,1,3022
healthfull,1,3023
Glory,1,3024
Ague,1,3025
Question,1,3026
William,1,3027
Through,1,3028
hisse,1,3029
formall,1,3030
Kneele,1,3031
subtle,1,3032
bath,1,3033
thaw,1,3034
dyed,1,3035
streete,1,3036
feete,1,3037
signified,1,3038
pledge,1,3039
Leaue,1,3040
fam,1,3041
moou,1,3042
intermit,1,3043
Basis,1,3044
Cimber,1,3045
prick,1,3046
Childe,1,3047
vision,1,3048
pearch,1,3049
Attempts,1,3050
Cynicke,1,3051
yes,1,3052
Rule,1,3053
swallow,1,3054
Physicall,1,3055
beginning,1,3056
strucken,1,3057
repose,1,3058
couchings,1,3059
dreamt,1,3060
flourish,1,3061
Doublet,1,3062
Enuious,1,3063
burneth,1,3064
watchfull,1,3065
palter,1,3066
Apt,1,3067
vpmost,1,3068
Statillius,1,3069
Madmen,1,3070
Napkins,1,3071
Legacie,1,3072
breathed,1,3073
vnkindely,1,3074
elder,1,3075
cuts,1,3076
lighted,1,3077
defeat,1,3078
Strooke,1,3079
School,1,3080
Errands,1,3081
vpper,1,3082
errand,1,3083
slaughter,1,3084
voyage,1,3085
tarry,1,3086
Oakes,1,3087
sicken,1,3088
wrangle,1,3089
feares,1,3090
Desiring,1,3091
Cushions,1,3092
stemming,1,3093
young,1,3094
Flowers,1,3095
shot,1,3096
Mace,1,3097
marrie,1,3098
carries,1,3099
boy,1,3100
Nobler,1,3101
Boldly,1,3102
fatall,1,3103
hony,1,3104
vntyr,1,3105
heyres,1,3106
Theatre,1,3107
Thoughts,1,3108
allow,1,3109
buffet,1,3110
kissing,1,3111
shouted,1,3112
Marriage,1,3113
Contriuer,1,3114
daggers,1,3115
foure,1,3116
presents,1,3117
expounded,1,3118
reares,1,3119
suffered,1,3120
Meerely,1,3121
Soft,1,3122
instantly,1,3123
Crimson,1,3124
limitation,1,3125
promis,1,3126
Firebrands,1,3127
Clamors,1,3128
Three,1,3129
Dreamer,1,3130
mood,1,3131
Theater,1,3132
disperse,1,3133
charme,1,3134
Counters,1,3135
strooke,1,3136
likes,1,3137
vexeth,1,3138
Pulpits,1,3139
Hunters,1,3140
Adder,1,3141
veyl,1,3142
bayed,1,3143
paines,1,3144
Conquerors,1,3145
possible,1,3146
Rudenesse,1,3147
recreate,1,3148
Split,1,3149
Iudgement,1,3150
beyond,1,3151
posture,1,3152
parley,1,3153
Sleepe,1,3154
decay,1,3155
Funerals,1,3156
Heraulds,1,3157
showts,1,3158
stares,1,3159
sensible,1,3160
Tenure,1,3161
Wisedome,1,3162
scap,1,3163
Since,1,3164
darke,1,3165
Signifies,1,3166
instances,1,3167
foule,1,3168
sounded,1,3169
demeanor,1,3170
chew,1,3171
vanish,1,3172
Miseries,1,3173
path,1,3174
Assembly,1,3175
sodainly,1,3176
illuminate,1,3177
Without,1,3178
Horsemen,1,3179
frighted,1,3180
Element,1,3181
doubtfull,1,3182
scorn,1,3183
Traitor,1,3184
Car,1,3185
Selfe,1,3186
vanishest,1,3187
Aye,1,3188
Meales,1,3189
Stoop,1,3190
pul,1,3191
cloake,1,3192
stronger,1,3193
feast,1,3194
Grant,1,3195
toucht,1,3196
Fulfill,1,3197
attaines,1,3198
formed,1,3199
natiue,1,3200
Rhewmy,1,3201
Were,1,3202
fiue,1,3203
Descend,1,3204
Ate,1,3205
Choller,1,3206
property,1,3207
Cowardly,1,3208
apparant,1,3209
retentiue,1,3210
Eye,1,3211
locke,1,3212
pitch,1,3213
wander,1,3214
Layest,1,3215
enemies,1,3216
Villaine,1,3217
Doers,1,3218
wait,1,3219
meditates,1,3220
Angel,1,3221
Perils,1,3222
Tune,1,3223
ruffle,1,3224
annoying,1,3225
compact,1,3226
enemy,1,3227
deckt,1,3228
Musing,1,3229
Falles,1,3230
Ocean,1,3231
Friendship,1,3232
roar,1,3233
sport,1,3234
shape,1,3235
louest,1,3236
earnes,1,3237
bloodie,1,3238
confounded,1,3239
Arbors,1,3240
Robbers,1,3241
tempted,1,3242
feede,1,3243
impart,1,3244
vppe,1,3245
bidding,1,3246
belou,1,3247
Crowes,1,3248
Fray,1,3249
Things,1,3250
Vouchsafe,1,3251
calculate,1,3252
deale,1,3253
Reueller,1,3254
youthfull,1,3255
Write,1,3256
cappes,1,3257
prouidence,1,3258
Triumphes,1,3259
Birth,1,3260
Greatnesse,1,3261
auoyded,1,3262
Faculties,1,3263
swimme,1,3264
swim,1,3265
cancell,1,3266
Serpents,1,3267
Successe,1,3268
whelped,1,3269
flame,1,3270
Lambe,1,3271
recouer,1,3272
Warriours,1,3273
diuers,1,3274
quartered,1,3275
contagion,1,3276
slaue,1,3277
Cause,1,3278
recount,1,3279
hacke,1,3280
inclos,1,3281
sate,1,3282
Skies,1,3283
Rebell,1,3284
Alchymie,1,3285
hinder,1,3286
fifteene,1,3287
Kingly,1,3288
receiuest,1,3289
Millions,1,3290
modestly,1,3291
Impatient,1,3292
marr,1,3293
conceyu,1,3294
kindle,1,3295
Playes,1,3296
view,1,3297
Enemie,1,3298
desir,1,3299
Deeds,1,3300
Offall,1,3301
vseth,1,3302
empty,1,3303
hatefull,1,3304
Next,1,3305
litter,1,3306
Honours,1,3307
heede,1,3308
murther,1,3309
mayest,1,3310
wofull,1,3311
Businesse,1,3312
Wenches,1,3313
Lustre,1,3314
flattered,1,3315
merrily,1,3316
Incenses,1,3317
pipes,1,3318
custome,1,3319
brauery,1,3320
Shrunke,1,3321
sought,1,3322
busie,1,3323
dismember,1,3324
sowre,1,3325
Fill,1,3326
Tragedie,1,3327
South,1,3328
Hie,1,3329
Rumor,1,3330
Else,1,3331
met,1,3332
plunged,1,3333
mischiefe,1,3334
Ruby,1,3335
affraid,1,3336
Domesticke,1,3337
Tharsus,1,3338
howted,1,3339
decree,1,3340
hazards,1,3341
neigh,1,3342
share,1,3343
Apparition,1,3344
Tempests,1,3345
Rauens,1,3346
Neats,1,3347
warre,1,3348
commended,1,3349
griefe,1,3350
purpos,1,3351
ingag,1,3352
raw,1,3353
Check,1,3354
losse,1,3355
Visage,1,3356
gaze,1,3357
lofty,1,3358
wast,1,3359
worthier,1,3360
Directly,1,3361
Note,1,3362
Giuing,1,3363
boldest,1,3364
Eyther,1,3365
tarrying,1,3366
Holes,1,3367
iudgement,1,3368
Fashion,1,3369
Captiues,1,3370
Mischeefes,1,3371
Meane,1,3372
